-- =====================================================================
-- SCRIPT DE INSERCIÓN
-- =====================================================================

INSERT INTO Persona (ci, nombre, apellido, fecha_nacimiento, sexo, estado_per, ciudad_per, calle_per, cod_postal_per) VALUES
('V101', 'Carlos', 'Gomez', '1985-05-10', 'M', 'Distrito Capital', 'Caracas', 'Av. Urdaneta', '1010'),
('V102', 'Ana', 'Perez', '1990-02-15', 'F', 'Carabobo', 'Valencia', 'Urb. La Viña', '2001'),
('V103', 'Luis', 'Martinez', '1988-11-20', 'M', 'Distrito Capital', 'Caracas', 'El Paraíso', '1020'),
('V104', 'Laura', 'Lopez', '1995-03-25', 'F', 'Carabobo', 'Valencia', 'Centro', '2001'),
('V105', 'Pedro', 'Rojas', '1982-01-01', 'M', 'Distrito Capital', 'Caracas', 'Av. Libertador', '1050'),
('V106', 'Sofia', 'Mendez', '1989-07-12', 'F', 'Zulia', 'Maracaibo', 'Av. 5 de Julio', '4001'),
('V107', 'Diego', 'Jimenez', '1992-09-30', 'M', 'Distrito Capital', 'Caracas', 'El Hatillo', '1083'),
('V108', 'Valeria', 'Guerrero', '1980-04-05', 'F', 'Lara', 'Barquisimeto', 'Av. Lara', '3001'),
('V109', 'Andres', 'Moreno', '1993-01-15', 'M', 'Carabobo', 'Valencia', 'San Diego', '2006'),

('V110', 'Gabriela', 'Diaz', '1987-08-22', 'F', 'Miranda', 'Los Teques', 'Calle Miranda', '1201'),
('V111', 'Javier', 'Silva', '1991-04-03', 'M', 'Distrito Capital', 'Caracas', 'La Castellana', '1060'),
('V112', 'Daniela', 'Ruiz', '1994-09-19', 'F', 'Aragua', 'Maracay', 'El Limón', '2102'),
('V113', 'Miguel', 'Vargas', '1983-12-01', 'M', 'Zulia', 'Maracaibo', 'Cecilio Acosta', '4003'),
('V114', 'Isabella', 'Ortega', '1996-06-07', 'F', 'Distrito Capital', 'Caracas', 'Altamira', '1062'),
('V115', 'Ricardo', 'Blanco', '1979-02-28', 'M', 'Carabobo', 'Valencia', 'Prebo', '2002'),
('V116', 'Camila', 'Herrera', '1986-10-14', 'F', 'Lara', 'Barquisimeto', 'Av. Vargas', '3002'),
('V117', 'Juan', 'Navarro', '1990-07-05', 'M', 'Distrito Capital', 'Caracas', 'Chacao', '1060'),
('V118', 'Paola', 'Castro', '1997-03-11', 'F', 'Miranda', 'Guatire', 'Valle Arriba', '1221'),
('V119', 'Fernando', 'Guillen', '1981-09-23', 'M', 'Aragua', 'Maracay', 'Av. Sucre', '2101'),
('V120', 'Andrea', 'Soto', '1992-01-30', 'F', 'Zulia', 'Maracaibo', 'El Milagro', '4001'),
('V121', 'Jorge', 'Molina', '1984-05-18', 'M', 'Distrito Capital', 'Caracas', 'San Agustín', '1015'),
('V122', 'Maria', 'Cordero', '1998-04-27', 'F', 'Carabobo', 'Valencia', 'Mañongo', '2003'),
('V123', 'Roberto', 'Leon', '1977-11-09', 'M', 'Lara', 'Barquisimeto', 'Centro', '3001'),
('V124', 'Carolina', 'Peña', '1988-06-16', 'F', 'Distrito Capital', 'Caracas', 'La Florida', '1050'),
('V125', 'Sergio', 'Rivas', '1993-02-02', 'M', 'Miranda', 'Los Teques', 'Carrizal', '1204'),
('V126', 'Natalia', 'Duran', '1985-07-29', 'F', 'Aragua', 'Maracay', 'Cagua', '2122'),
('V127', 'Carlos', 'Paz', '1990-10-06', 'M', 'Zulia', 'Maracaibo', 'Bella Vista', '4001'),
('V128', 'Lorena', 'Quintero', '1997-12-24', 'F', 'Distrito Capital', 'Caracas', 'La Boyera', '1080'),
('V129', 'David', 'Salazar', '1982-03-08', 'M', 'Carabobo', 'Valencia', 'Guacara', '2015'),
('V130', 'Victoria', 'Mendoza', '1991-05-13', 'F', 'Distrito Capital', 'Caracas', 'Baruta', '1080'),

('V201', 'Juan', 'Castro', '2000-01-20', 'M', 'Miranda', 'Guatire', 'Urb. Castillejo', '1221'),
('V202', 'Elena', 'Silva', '1995-06-18', 'F', 'Aragua', 'Maracay', 'Av. Las Delicias', '2101'),
('V203', 'Ricardo', 'Paez', '1978-04-11', 'M', 'Distrito Capital', 'Caracas', 'La Candelaria', '1011'),

('V204', 'Maria', 'Fernandez', '1965-03-14', 'F', 'Zulia', 'Maracaibo', 'Sector La Lago', '4002'),
('V205', 'Jorge', 'Salas', '2005-11-02', 'M', 'Miranda', 'Los Teques', 'El Tambor', '1201'),
('V206', 'Camila', 'Rios', '1998-08-21', 'F', 'Distrito Capital', 'Caracas', 'Catia', '1030'),
('V207', 'Mateo', 'Cordero', '1955-12-25', 'M', 'Carabobo', 'Valencia', 'Naguanagua', '2005'),
('V208', 'Lucia', 'Velez', '1990-07-07', 'F', 'Distrito Capital', 'Caracas', 'La California', '1070'),
('V209', 'Pablo', 'Guerra', '1970-02-28', 'M', 'Zulia', 'Cabimas', 'Calle Vargas', '4013'),
('V210', 'Sofía', 'Pinto', '2010-09-10', 'F', 'Anzoátegui', 'Puerto La Cruz', 'Av. Municipal', '6023'),
('V211', 'Manuel', 'Ordoñez', '1983-04-01', 'M', 'Distrito Capital', 'Caracas', 'San Bernardino', '1011'),
('V212', 'Daniela', 'Leon', '1992-11-11', 'F', 'Miranda', 'Baruta', 'Las Mercedes', '1080'),
('V213', 'Alejandro', 'Mora', '1960-01-05', 'M', 'Carabobo', 'Puerto Cabello', 'El Palito', '2024'),
('V214', 'Isabel', 'Serrano', '1987-03-20', 'F', 'Lara', 'Barquisimeto', 'El Este', '3003'),
('V215', 'Federico', 'Torres', '1999-05-15', 'M', 'Distrito Capital', 'Caracas', 'El Cafetal', '1071'),
('V216', 'Mariana', 'Gil', '1975-10-28', 'F', 'Zulia', 'Maracaibo', 'La Limpia', '4004'),
('V217', 'Diego', 'Rivas', '1980-12-03', 'M', 'Miranda', 'Guarenas', 'Menca de Leon', '1220'),
('V218', 'Laura', 'Montes', '1994-06-09', 'F', 'Aragua', 'La Victoria', 'Centro', '2121'),
('V219', 'Sebastián', 'Vera', '2002-08-17', 'M', 'Distrito Capital', 'Caracas', 'Coche', '1090'),
('V220', 'Emilia', 'Nunez', '1968-01-23', 'F', 'Carabobo', 'Valencia', 'Los Guayos', '2007');

-- SECCIÓN 2: INFRAESTRUCTURA HOSPITALARIA

INSERT INTO Hospital (nombre, estado_hos, ciudad_hos, calle_hos, cod_postal_hos) VALUES
('Hospital Metropolitano', 'Distrito Capital', 'Caracas', 'Calle Principal de Caurimare', '1060'),
('Centro Médico Valencia', 'Carabobo', 'Valencia', 'Av. Bolivar Norte', '2001'),
('Clínica La Sagrada Familia', 'Zulia', 'Maracaibo', 'Av. 8 Santa Rita', '4005'),
('Hospital de Clínicas Caracas', 'Distrito Capital', 'Caracas', 'Av. Panteón, San Bernardino', '1011');

INSERT INTO Departamento (id_hospital, nombre, tipo, piso) VALUES
-- Hospital Metropolitano (1) 
(1, 'Cardiología', 'medico', 3),
(1, 'Administración', 'administrativo', 1),
(1, 'Emergencia', 'medico', 0),
(1, 'Gastroenterología', 'medico', 3),
(1, 'Operaciones', 'operativo', -1),
-- Centro Médico Valencia (2) 
(2, 'Traumatología', 'medico', 2),
(2, 'Gestión de Pacientes', 'administrativo', 0),
(2, 'Pediatría', 'medico', 1),
(2, 'Radiología', 'medico', 2),
(2, 'Farmacia', 'operativo', 0),
-- Clínica La Sagrada Familia (3) 
(3, 'Neurología', 'medico', 4),
(3, 'Admisiones', 'administrativo', 0),
(3, 'Quirófano Central', 'operativo', 2),
(3, 'Dermatología', 'medico', 3),
(3, 'Laboratorio Clínico', 'operativo', 1),
-- Hospital de Clínicas Caracas (4) 
(4, 'Oncología', 'medico', 5),
(4, 'Recursos Humanos', 'administrativo', 1),
(4, 'Unidad de Cuidados Intensivos', 'medico', 6),
(4, 'Nefrología', 'medico', 4),
(4, 'Mantenimiento', 'operativo', -1);

-- Requisito: Más de 8 habitaciones por hospital.
INSERT INTO Habitacion (num_habitacion, id_hospital, id_departamento, num_camas, tarifa, tipo, ocupado) VALUES
(301, 1, 1, 1, 250, 'individual', FALSE),
(302, 1, 1, 2, 180, 'compartida', FALSE),
(303, 1, 1, 1, 250, 'individual', FALSE),
(304, 1, 4, 1, 260, 'individual', FALSE),
(305, 1, 4, 2, 190, 'compartida', FALSE),
(306, 1, 3, 1, 200, 'individual', FALSE),
(307, 1, 3, 2, 150, 'compartida', FALSE),
(308, 1, 3, 1, 200, 'individual', FALSE),
(309, 1, 3, 2, 150, 'compartida', FALSE),
(310, 1, 4, 1, 260, 'individual', FALSE), -- Total 10 habitaciones

(201, 2, 6, 1, 200, 'individual', FALSE),
(202, 2, 6, 2, 160, 'compartida', FALSE),
(203, 2, 6, 1, 200, 'individual', FALSE),
(101, 2, 8, 2, 150, 'compartida', FALSE),
(102, 2, 8, 1, 180, 'individual', FALSE),
(204, 2, 9, 1, 220, 'individual', FALSE),
(205, 2, 9, 2, 170, 'compartida', FALSE),
(206, 2, 9, 1, 220, 'individual', FALSE),
(207, 2, 7, 1, 150, 'individual', FALSE),
(208, 2, 7, 2, 120, 'compartida', FALSE), 

-- Clínica La Sagrada Familia (3) - Deptos: 11,12,13,14,15 (Neurología, Admisiones, Quirófano, Dermatología, Lab)
(401, 3, 11, 1, 300, 'individual', FALSE),
(402, 3, 11, 2, 220, 'compartida', FALSE),
(403, 3, 11, 1, 300, 'individual', FALSE),
(301, 3, 14, 1, 280, 'individual', FALSE),
(302, 3, 14, 2, 200, 'compartida', FALSE),
(201, 3, 13, 1, 350, 'individual', FALSE),
(202, 3, 13, 2, 280, 'compartida', FALSE),
(203, 3, 13, 1, 350, 'individual', FALSE),
(101, 3, 12, 1, 200, 'individual', FALSE),
(102, 3, 12, 2, 160, 'compartida', FALSE), -- Total 10 habitaciones

-- Hosp. de Clínicas Caracas (4) - Deptos: 16,17,18,19,20 (Oncología, RRHH, UCI, Nefrología, Mantenimiento)
(501, 4, 16, 1, 400, 'individual', FALSE),
(502, 4, 16, 2, 300, 'compartida', FALSE),
(503, 4, 16, 1, 400, 'individual', FALSE),
(601, 4, 18, 1, 800, 'individual', FALSE),
(602, 4, 18, 2, 600, 'compartida', FALSE),
(401, 4, 19, 1, 380, 'individual', FALSE),
(402, 4, 19, 2, 280, 'compartida', FALSE),
(403, 4, 19, 1, 380, 'individual', FALSE),
(101, 4, 17, 1, 250, 'individual', FALSE),
(102, 4, 17, 2, 180, 'compartida', FALSE); -- Total 10 habitaciones

-- SECCIÓN 3: PERSONAL Y CONTRATACIONES
-- Requisito: 30 trabajadores.
-- Requisito: 8 trabajadores, 4 médicos y 4 administrativos, con al menos 2 cargos distintos a lo largo del tiempo.
-- Nota: ci_personal es FK a Contratado, no a Personal.

INSERT INTO Contratado (ci, fecha_contratacion, cargo, salario) VALUES
-- Personal Original (9)
('V101', '2010-01-15', 'Cardiólogo Jefe', 5000), -- Médico con historial
('V102', '2012-03-20', 'Traumatólogo', 4800),
('V103', '2015-05-01', 'Jefe de Admisiones', 3000), -- Administrativo con historial
('V104', '2020-02-01', 'Recepcionista', 2500),
('V105', '2018-05-05', 'Médico General', 4500),
('V106', '2014-06-10', 'Neurólogo', 5200), -- Médico con historial
('V107', '2021-08-01', 'Oncólogo Jefe', 6000),
('V108', '2011-02-20', 'Gerente de RRHH', 3500), -- Administrativo con historial
('V109', '2022-11-10', 'Pediatra', 4700),

-- Nuevos Trabajadores (21)
('V110', '2017-01-01', 'Enfermera Jefe', 3200), -- Administrativo con historial (para ser 4 admin con historial)
('V111', '2019-03-10', 'Cirujano General', 5500), -- Médico con historial (para ser 4 medicos con historial)
('V112', '2020-07-25', 'Nutricionista', 3800),
('V113', '2016-11-11', 'Anestesiólogo', 5300),
('V114', '2021-02-14', 'Fisioterapeuta', 3900),
('V115', '2013-09-01', 'Jefe de Contabilidad', 3100), -- Administrativo con historial (para ser 4 admin con historial)
('V116', '2022-04-01', 'Psicólogo Clínico', 4200),
('V117', '2018-08-08', 'Radiólogo', 5000), -- Médico con historial (para ser 4 medicos con historial)
('V118', '2023-01-01', 'Técnico de Laboratorio', 2800),
('V119', '2015-06-01', 'Cardiólogo', 4900),
('V120', '2020-10-01', 'Administrador de Redes', 3300),
('V121', '2019-04-15', 'Urólogo', 5100),
('V122', '2022-09-20', 'Asistente Médico', 2700),
('V123', '2014-07-07', 'Oftalmólogo', 5400),
('V124', '2021-06-01', 'Gerente de Compras', 3400),
('V125', '2017-02-01', 'Neumólogo', 5250),
('V126', '2023-03-01', 'Técnico de Mantenimiento', 2600),
('V127', '2016-05-01', 'Ginecólogo', 5350),
('V128', '2022-01-01', 'Secretaria Ejecutiva', 2900),
('V129', '2018-11-01', 'Endocrinólogo', 5150),
('V130', '2023-05-01', 'Recepcionista Principal', 2750);

INSERT INTO Personal (ci, annios_serv) VALUES
('V101', 14), ('V102', 12), ('V103', 9), ('V104', 4), ('V105', 6),
('V106', 10), ('V107', 3), ('V108', 13), ('V109', 2),
('V110', 7), ('V111', 5), ('V112', 4), ('V113', 8), ('V114', 3),
('V115', 11), ('V116', 2), ('V117', 6), ('V118', 1), ('V119', 9),
('V120', 4), ('V121', 5), ('V122', 2), ('V123', 10), ('V124', 3),
('V125', 7), ('V126', 1), ('V127', 8), ('V128', 2), ('V129', 6),
('V130', 1);

INSERT INTO Medico (ci, especialidad) VALUES
('V101', 'Cardiología'), ('V102', 'Traumatología'), ('V105', 'Medicina Interna'),
('V106', 'Neurología'), ('V107', 'Oncología'), ('V109', 'Pediatría'),
('V111', 'Cirugía General'), ('V112', 'Nutrición'), ('V113', 'Anestesiología'),
('V114', 'Fisiatría'), ('V116', 'Psicología Clínica'), ('V117', 'Radiología'),
('V119', 'Cardiología'), ('V121', 'Urología'), ('V123', 'Oftalmología'),
('V125', 'Neumología'), ('V127', 'Ginecología'), ('V129', 'Endocrinología');

INSERT INTO Administrativo (ci) VALUES
('V103'), ('V104'), ('V108'), ('V110'), ('V115'), ('V118'), ('V120'), ('V122'), ('V124'), ('V126'), ('V128'), ('V130');

-- Asignación a departamentos (todos los trabajadores deben estar asignados)
-- Se asigna a cada trabajador a al menos un departamento.
INSERT INTO Asignado_A (ci_personal, id_departamento) VALUES
('V101', 1), ('V101', 3), -- Cardiología, Emergencia
('V102', 6), ('V102', 9), -- Traumatología, Radiología
('V103', 2), ('V103', 7), -- Administración, Gestión de Pacientes
('V104', 7), ('V104', 12), -- Gestión de Pacientes, Admisiones
('V105', 3), ('V105', 18), -- Emergencia, UCI
('V106', 11), ('V106', 14), -- Neurología, Dermatología
('V107', 16), ('V107', 18), -- Oncología, UCI
('V108', 13), ('V108', 17), -- Quirófano Central, Recursos Humanos
('V109', 8), ('V109', 10), -- Pediatría, Farmacia
('V110', 2), ('V110', 12), -- Administración, Admisiones
('V111', 5), ('V111', 13), -- Operaciones, Quirófano Central
('V112', 4), ('V112', 19), -- Gastroenterología, Nefrología
('V113', 5), ('V113', 13), -- Operaciones, Quirófano Central
('V114', 6), ('V114', 11), -- Traumatología, Neurología
('V115', 2), ('V115', 7), -- Administración, Gestión de Pacientes
('V116', 8), ('V116', 14), -- Pediatría, Dermatología
('V117', 9), ('V117', 19), -- Radiología, Nefrología
('V118', 15), ('V118', 20), -- Laboratorio Clínico, Mantenimiento
('V119', 1), ('V119', 4), -- Cardiología, Gastroenterología
('V120', 2), ('V120', 17), -- Administración, Recursos Humanos
('V121', 16), ('V121', 18), -- Oncología, UCI
('V122', 3), ('V122', 8), -- Emergencia, Pediatría
('V123', 11), ('V123', 14), -- Neurología, Dermatología
('V124', 2), ('V124', 17), -- Administración, Recursos Humanos
('V125', 1), ('V125', 16), -- Cardiología, Oncología
('V126', 20), ('V126', 5), -- Mantenimiento, Operaciones
('V127', 8), ('V127', 14), -- Pediatría, Dermatología
('V128', 7), ('V128', 12), -- Gestión de Pacientes, Admisiones
('V129', 4), ('V129', 19), -- Gastroenterología, Nefrología
('V130', 7), ('V130', 12); -- Gestión de Pacientes, Admisiones

-- Historial de cargos para 8 trabajadores (4 médicos, 4 administrativos)
-- V101 (Médico), V106 (Médico), V111 (Médico), V117 (Médico)
-- V103 (Admin), V108 (Admin), V110 (Admin), V115 (Admin)
INSERT INTO Historial_Cargo_Personal (ci_personal, cargo_anterior, salario_anterior, fecha_inicio, fecha_fin) VALUES
('V101', 'Cardiólogo', 4500, '2010-01-15', '2015-01-14'), -- V101: De Cardiólogo a Cardiólogo Jefe
('V106', 'Médico Residente', 3000, '2014-06-10', '2017-06-09'), -- V106: De Residente a Neurólogo
('V111', 'Médico General', 4000, '2019-03-10', '2021-03-09'), -- V111: De General a Cirujano General
('V117', 'Interno', 2500, '2018-08-08', '2020-08-07'), -- V117: De Interno a Radiólogo

('V103', 'Asistente Administrativo', 2000, '2015-05-01', '2018-04-30'), -- V103: De Asistente a Jefe de Admisiones
('V108', 'Analista de RRHH', 2800, '2011-02-20', '2016-02-19'), -- V108: De Analista a Gerente de RRHH
('V110', 'Enfermera', 2800, '2017-01-01', '2020-12-31'), -- V110: De Enfermera a Enfermera Jefe
('V115', 'Contador Junior', 2500, '2013-09-01', '2016-08-31'); -- V115: De Contador Junior a Jefe de Contabilidad

-- SECCIÓN 4: PACIENTES Y SEGUROS
-- Requisito: 20 pacientes, 10 con seguro.
-- Nota: 'V201', 'V202', 'V204', 'V207' ya tienen seguro (4). Faltan 6.
INSERT INTO Paciente (ci, edad, requiere_resp, telefono, contacto_emerg) VALUES
('V201', 24, FALSE, '0412-1112233', 'Maria Castro'),
('V202', 29, FALSE, '0414-2223344', 'Carlos Silva'),
('V203', 46, FALSE, '0416-3334455', 'Ana Paez'),
('V204', 59, FALSE, '0412-4445566', 'Luis Fernandez'),
('V205', 18, FALSE, '0424-5556677', 'Laura Salas'),
('V206', 26, TRUE, '0414-6667788', 'Pedro Rios'),
('V207', 68, TRUE, '0416-7778899', 'Sofia Cordero'),
('V208', 34, FALSE, '0412-8889900', 'Juan Velez'), -- Nuevo paciente
('V209', 55, FALSE, '0426-1110099', 'Elena Guerra'), -- Nuevo paciente
('V210', 14, FALSE, '0414-2221133', 'Ricardo Pinto'), -- Nuevo paciente
('V211', 41, FALSE, '0416-3332244', 'Sofia Ordoñez'), -- Nuevo paciente
('V212', 32, FALSE, '0424-4443355', 'Pedro Leon'), -- Nuevo paciente
('V213', 64, FALSE, '0412-5554466', 'Maria Mora'), -- Nuevo paciente
('V214', 37, FALSE, '0414-6665577', 'Carlos Serrano'), -- Nuevo paciente
('V215', 25, FALSE, '0416-7776688', 'Ana Torres'), -- Nuevo paciente
('V216', 49, FALSE, '0424-8887799', 'Luis Gil'), -- Nuevo paciente
('V217', 44, FALSE, '0412-9998800', 'Laura Rivas'), -- Nuevo paciente
('V218', 30, FALSE, '0414-0009911', 'Juan Montes'), -- Nuevo paciente
('V219', 22, FALSE, '0416-1110022', 'Elena Vera'), -- Nuevo paciente
('V220', 57, FALSE, '0424-2221133', 'Ricardo Nunez'); -- Nuevo paciente

-- Requisito: Al menos 2 compañías aseguradoras diferentes (ya se tienen 3).
INSERT INTO Compania_Aseguradora (nombre_aseguradora, telefono, estado_comp, ciudad_comp, calle_comp, cod_postal_comp) VALUES
('Seguros Horizonte', '0212-9998877', 'Distrito Capital', 'Caracas', 'Av. Francisco de Miranda', '1060'),
('Mercantil Seguros', '0212-5031111', 'Distrito Capital', 'Caracas', 'Av. Libertador', '1050'),
('Mapfre La Seguridad', '0241-6178000', 'Carabobo', 'Valencia', 'Calle 137', '2001');

-- Requisito: 10 pacientes poseen seguro médico.
-- Se añaden 6 pólizas nuevas para llegar a 10 pacientes asegurados.
INSERT INTO Seguro_Medico (num_poliza, nombre_aseguradora, ci_paciente, suma_asg, condiciones) VALUES
('HZ-001', 'Seguros Horizonte', 'V201', 5000, 'Cobertura básica de hospitalización.'),
('HZ-002', 'Seguros Horizonte', 'V202', 15000, 'Cobertura amplia, incluye cirugías.'),
('MS-105', 'Mercantil Seguros', 'V204', 25000, 'Cobertura premium, deducible bajo.'),
('MS-106', 'Mercantil Seguros', 'V207', 10000, 'Cobertura para enfermedades crónicas.'),
('MPF-301', 'Mapfre La Seguridad', 'V202', 20000, 'Póliza adicional para tratamientos especializados.'), -- Paciente V202 con 2 pólizas

-- Nuevas pólizas para alcanzar 10 pacientes asegurados
('HZ-003', 'Seguros Horizonte', 'V208', 8000, 'Cobertura de consultas y exámenes.'),
('MS-107', 'Mercantil Seguros', 'V209', 12000, 'Póliza familiar, cobertura media.'),
('MPF-302', 'Mapfre La Seguridad', 'V210', 7000, 'Cobertura pediátrica.'),
('HZ-004', 'Seguros Horizonte', 'V211', 18000, 'Cobertura para cirugías mayores.'),
('MS-108', 'Mercantil Seguros', 'V212', 9000, 'Póliza individual, cobertura de emergencia.'),
('MPF-303', 'Mapfre La Seguridad', 'V213', 22000, 'Cobertura para tercera edad, incluye terapias.');

-- SECCIÓN 5: PROCEDIMIENTOS, CONSULTAS Y OPERACIONES
-- Requisito: Más de 30 procedimientos (15 operaciones y 15 tratamientos distintos).
-- Requisito: Cada procedimiento cuenta con al menos un instrumental médico requerido.
INSERT INTO Procedimiento (nombre, precio, instrucciones) VALUES
-- Consultas / Tratamientos (15+)
('Consulta Cardiológica', 100, 'Requiere ayuno de 4 horas.'), -- ID 1
('Consulta General', 80, NULL), -- ID 2
('Radiografía de Tórax', 50, 'Quitarse objetos metálicos.'), -- ID 3
('Consulta Neurológica', 120, NULL), -- ID 4
('Quimioterapia', 1500, 'Ciclo de tratamiento ambulatorio.'), -- ID 5
('Endoscopia Digestiva', 450, 'Requiere ayuno de 8 horas y sedación.'), -- ID 6
('Fisioterapia Post-Operatoria', 90, 'Sesiones de rehabilitación, 3 veces por semana.'), -- ID 7
('Análisis de Sangre Completo', 60, 'Ayuno de 12 horas.'), -- ID 8
('Vacunación Antigripal', 30, 'Aplicación intramuscular.'), -- ID 9
('Electrocardiograma (ECG)', 75, 'Reposo de 15 minutos previo.'), -- ID 10
('Consulta Dermatológica', 110, NULL), -- ID 11
('Terapia Respiratoria', 120, 'Sesiones diarias para pacientes con dificultad respiratoria.'), -- ID 12
('Consulta de Nutrición', 95, 'Evaluación de hábitos alimenticios.'), -- ID 13
('Ecografía Abdominal', 180, 'Ayuno de 6 horas.'), -- ID 14
('Consulta Psicológica', 100, 'Sesión de 50 minutos.'), -- ID 15
('Terapia Ocupacional', 85, 'Rehabilitación de habilidades motoras finas.'), -- ID 16
('Consulta Geriátrica', 130, 'Evaluación integral del paciente mayor.'), -- ID 17
('Drenaje de Absceso', 200, 'Procedimiento menor, anestesia local.'), -- ID 18
('Sutura de Herida Menor', 150, 'Limpieza y cierre de herida.'), -- ID 19
('Extracción de Cuerpo Extraño (Ojo)', 170, 'Anestesia tópica.'), -- ID 20

-- Operaciones (15+)
('Operación de Rodilla', 3000, 'Requiere hospitalización y anestesia general.'), -- ID 21
('Operación de Apéndice', 2500, 'Cirugía de emergencia, anestesia general.'), -- ID 22
('Cirugía de Cataratas', 2800, 'Procedimiento ambulatorio, anestesia local.'), -- ID 23
('Colecistectomía Laparoscópica', 4000, 'Cirugía mínimamente invasiva.'), -- ID 24
('Hernioplastia Inguinal', 3200, 'Reparación de hernia, anestesia general.'), -- ID 25
('Amigdalectomía', 2200, 'Extirpación de amígdalas, anestesia general.'), -- ID 26
('Septoplastia', 3500, 'Corrección de tabique nasal desviado.'), -- ID 27
('Reemplazo de Cadera', 6000, 'Cirugía mayor, hospitalización prolongada.'), -- ID 28
('Cirugía de Columna Lumbar', 7500, 'Procedimiento complejo, alto riesgo.'), -- ID 29
('Mastectomía', 5000, 'Extirpación de seno.'), -- ID 30
('Nefrectomía', 6500, 'Extirpación de riñón.'), -- ID 31
('Tiroidectomía', 3800, 'Extirpación de tiroides.'), -- ID 32
('Cirugía de Bypass Coronario', 10000, 'Cirugía a corazón abierto.'), -- ID 33
('Cesárea', 2000, 'Parto por cesárea.'), -- ID 34
('Ligadura de Trompas', 1800, 'Procedimiento de esterilización femenina.'), -- ID 35
('Vasectomía', 1000, 'Procedimiento de esterilización masculina.'); -- ID 36

-- SECCIÓN 6: PROVEEDORES, INSUMOS E INVENTARIO
-- Requisito: 5 proveedores.
-- Requisito: Al menos 3 registros para cada insumo medico.
INSERT INTO Proveedor (nombre_compania, telefono_proveedor, ciudad_prov) VALUES
('Farmatodo', '0212-2080000', 'Caracas'),
('Equipos Medicos VZLA', '0241-8325555', 'Valencia'),
('Behrens C.A.', '0212-6001234', 'Caracas'),
('Droguería Nena', '0261-7501234', 'Maracaibo'), -- Nuevo Proveedor 4
('Suministros Hospitalarios C.A.', '0251-4456789', 'Barquisimeto'); -- Nuevo Proveedor 5

INSERT INTO Insumo_Medico (nombre, tipo_insumo, stock, precio, descripcion) VALUES
-- Bisturí (3 registros)
('Bisturí Desechable #11', 'Instrumental', 0, 15, 'Para incisiones finas.'), -- ID 1
('Bisturí Desechable #10', 'Instrumental', 0, 14, 'Para incisiones generales.'), -- ID 2
('Bisturí Desechable #15', 'Instrumental', 0, 16, 'Para incisiones pequeñas y delicadas.'), -- ID 3
-- Guantes (3 registros)
('Guantes de Nitrilo (Caja 100u)', 'Suministro', 0, 10, 'Guantes sin látex.'), -- ID 4
('Guantes de Látex Estériles (Par)', 'Suministro', 0, 2, 'Para procedimientos quirúrgicos.'), -- ID 5
('Guantes de Vinilo (Caja 100u)', 'Suministro', 0, 8, 'Para exámenes generales.'), -- ID 6
-- Sutura (3 registros)
('Sutura Absorbible 3-0', 'Suministro', 0, 8, 'Para cierre de tejidos blandos.'), -- ID 7
('Sutura No Absorbible 2-0', 'Suministro', 0, 7, 'Para piel y tejidos que requieren soporte prolongado.'), -- ID 8
('Sutura PDS II 4-0', 'Suministro', 0, 12, 'Para tejidos delicados, absorción prolongada.'), -- ID 9
-- Gasa (3 registros)
('Gasa Estéril (Paquete 10u)', 'Suministro', 0, 5, 'Para limpieza y absorción.'), -- ID 10
('Gasa No Estéril (Paquete 100u)', 'Suministro', 0, 4, 'Para uso general.'), -- ID 11
('Gasa con Yodo (Unidad)', 'Suministro', 0, 6, 'Antiséptica.'), -- ID 12
-- Medicamentos (3+ registros)
('Cisplatino 50mg', 'Medicamento', 0, 500, 'Quimioterapéutico.'), -- ID 13
('Morfina 10mg', 'Medicamento', 0, 25, 'Analgésico potente.'), -- ID 14
('Paracetamol 500mg (Caja 100u)', 'Medicamento', 0, 10, 'Analgésico y antipirético.'), -- ID 15
('Amoxicilina 500mg (Caja 20u)', 'Medicamento', 0, 15, 'Antibiótico de amplio espectro.'), -- ID 16
('Insulina Glargina 100u/ml', 'Medicamento', 0, 80, 'Para control de diabetes.'), -- ID 17
('Vacuna Antigripal', 'Medicamento', 0, 20, 'Para inmunización anual.'), -- ID 18
-- Equipos (3+ registros)
('Monitor de Signos Vitales', 'Equipo', 0, 1500, 'Para monitoreo continuo de pacientes.'), -- ID 19
('Ventilador Mecánico', 'Equipo', 0, 8000, 'Para soporte respiratorio.'), -- ID 20
('Bomba de Infusión', 'Equipo', 0, 700, 'Para administración precisa de fluidos.'), -- ID 21
('Equipo de Endoscopia', 'Equipo', 0, 12000, 'Para procedimientos endoscópicos.'), -- ID 22
('Máquina de Rayos X Portátil', 'Equipo', 0, 9000, 'Para radiografías en sitio.'), -- ID 23
('Equipo de Anestesia', 'Equipo', 0, 10000, 'Para administración de anestesia.'), -- ID 24
('Sonda Foley', 'Instrumental', 0, 10, 'Para drenaje urinario.'), -- ID 25
('Catéter Intravenoso', 'Instrumental', 0, 5, 'Para acceso venoso.'), -- ID 26
('Jeringa 5ml', 'Suministro', 0, 1, 'Para inyecciones y extracciones.'), -- ID 27
('Tensiómetro Digital', 'Equipo', 0, 80, 'Para medir la presión arterial.'), -- ID 28
('Termómetro Digital', 'Equipo', 0, 15, 'Para medir la temperatura corporal.'); -- ID 29

-- Requisito: Cada procedimiento cuenta con al menos un instrumental médico requerido.
INSERT INTO Necesitan (id_procedimiento, id_insumo) VALUES
-- Consultas / Tratamientos
(1, 28), (1, 10), -- Consulta Cardiológica: Tensiómetro, Gasa
(2, 27), (2, 11), -- Consulta General: Jeringa, Gasa No Estéril
(3, 23), (3, 10), -- Radiografía de Tórax: Máquina de Rayos X, Gasa
(4, 28), (4, 10), -- Consulta Neurológica: Tensiómetro, Gasa
(5, 13), (5, 27), (5, 4), -- Quimioterapia: Cisplatino, Jeringa, Guantes de Nitrilo
(6, 22), (6, 4), -- Endoscopia Digestiva: Equipo de Endoscopia, Guantes de Nitrilo
(7, 4), (7, 10), -- Fisioterapia Post-Operatoria: Guantes, Gasa
(8, 27), (8, 26), -- Análisis de Sangre Completo: Jeringa, Catéter IV
(9, 18), (9, 27), -- Vacunación Antigripal: Vacuna, Jeringa
(10, 19), (10, 4), -- Electrocardiograma (ECG): Monitor, Guantes
(11, 4), (11, 10), -- Consulta Dermatológica: Guantes, Gasa
(12, 20), (12, 4), -- Terapia Respiratoria: Ventilador, Guantes
(13, 4), (13, 10), -- Consulta de Nutrición: Guantes, Gasa
(14, 4), (14, 10), -- Ecografía Abdominal: Guantes, Gasa
(15, 4), (15, 10), -- Consulta Psicológica: Guantes, Gasa
(16, 4), (16, 10), -- Terapia Ocupacional: Guantes, Gasa
(17, 28), (17, 29), -- Consulta Geriátrica: Tensiómetro, Termómetro
(18, 1), (18, 4), (18, 7), -- Drenaje de Absceso: Bisturí #11, Guantes, Sutura Absorbible
(19, 3), (19, 4), (19, 8), -- Sutura de Herida Menor: Bisturí #15, Guantes, Sutura No Absorbible
(20, 4), (20, 10), -- Extracción de Cuerpo Extraño (Ojo): Guantes, Gasa

-- Operaciones
(21, 1), (21, 4), (21, 7), (21, 10), (21, 24), -- Operación de Rodilla: Bisturí, Guantes, Sutura, Gasa, Equipo Anestesia
(22, 1), (22, 4), (22, 7), (22, 10), (22, 24), -- Operación de Apéndice: Bisturí, Guantes, Sutura, Gasa, Equipo Anestesia
(23, 3), (23, 4), (23, 9), (23, 10), -- Cirugía de Cataratas: Bisturí #15, Guantes, Sutura PDS II, Gasa
(24, 1), (24, 4), (24, 7), (24, 10), (24, 24), -- Colecistectomía Laparoscópica: Bisturí, Guantes, Sutura, Gasa, Equipo Anestesia
(25, 1), (25, 4), (25, 7), (25, 10), (25, 24), -- Hernioplastia Inguinal: Bisturí, Guantes, Sutura, Gasa, Equipo Anestesia
(26, 1), (26, 4), (26, 7), (26, 10), (26, 24), -- Amigdalectomía: Bisturí, Guantes, Sutura, Gasa, Equipo Anestesia
(27, 1), (27, 4), (27, 7), (27, 10), (27, 24), -- Septoplastia: Bisturí, Guantes, Sutura, Gasa, Equipo Anestesia
(28, 1), (28, 4), (28, 7), (28, 10), (28, 24), -- Reemplazo de Cadera: Bisturí, Guantes, Sutura, Gasa, Equipo Anestesia
(29, 1), (29, 4), (29, 7), (29, 10), (29, 24), -- Cirugía de Columna Lumbar: Bisturí, Guantes, Sutura, Gasa, Equipo Anestesia
(30, 1), (30, 4), (30, 7), (30, 10), (30, 24), -- Mastectomía: Bisturí, Guantes, Sutura, Gasa, Equipo Anestesia
(31, 1), (31, 4), (31, 7), (31, 10), (31, 24), -- Nefrectomía: Bisturí, Guantes, Sutura, Gasa, Equipo Anestesia
(32, 1), (32, 4), (32, 7), (32, 10), (32, 24), -- Tiroidectomía: Bisturí, Guantes, Sutura, Gasa, Equipo Anestesia
(33, 1), (33, 4), (33, 7), (33, 10), (33, 24), -- Cirugía de Bypass Coronario: Bisturí, Guantes, Sutura, Gasa, Equipo Anestesia
(34, 1), (34, 4), (34, 7), (34, 10), (34, 24), -- Cesárea: Bisturí, Guantes, Sutura, Gasa, Equipo Anestesia
(35, 1), (35, 4), (35, 7), (35, 10), (35, 24), -- Ligadura de Trompas: Bisturí, Guantes, Sutura, Gasa, Equipo Anestesia
(36, 1), (36, 4), (36, 7), (36, 10); -- Vasectomía: Bisturí, Guantes, Sutura, Gasa

-- Requisito: Todos los proveedores con múltiples encargos a por lo menos 2 hospitales cada uno, con distintos insumos.
-- Requisito: Deben existir encargos para todos los insumos.
INSERT INTO Encargo (fecha, ci_resp, id_insumo, nombre_compania, id_hospital, cantidad, costo_total) VALUES
-- Proveedor 1: Farmatodo (ci_resp: V104, V103)
('2024-02-01', 'V104', 15, 'Farmatodo', 1, 50, 500), -- Paracetamol
('2024-02-01', 'V104', 16, 'Farmatodo', 1, 30, 450), -- Amoxicilina
('2024-02-02', 'V103', 15, 'Farmatodo', 4, 70, 700),
('2024-02-02', 'V103', 17, 'Farmatodo', 4, 10, 800), -- Insulina
-- Proveedor 2: Equipos Medicos VZLA (ci_resp: V104, V115)
('2024-01-10', 'V104', 1, 'Equipos Medicos VZLA', 2, 100, 1500), -- Bisturí #11
('2024-01-11', 'V104', 4, 'Equipos Medicos VZLA', 2, 50, 500), -- Guantes Nitrilo
('2024-02-05', 'V115', 19, 'Equipos Medicos VZLA', 3, 5, 7500), -- Monitor Signos Vitales
('2024-02-05', 'V115', 20, 'Equipos Medicos VZLA', 3, 2, 16000), -- Ventilador Mecánico
-- Proveedor 3: Behrens C.A. (ci_resp: V103, V108)
('2024-01-15', 'V103', 2, 'Behrens C.A.', 1, 200, 2800), -- Bisturí #10
('2024-01-16', 'V103', 7, 'Behrens C.A.', 1, 150, 1200), -- Sutura Absorbible 3-0
('2024-02-10', 'V108', 13, 'Behrens C.A.', 4, 20, 10000), -- Cisplatino
('2024-02-10', 'V108', 22, 'Behrens C.A.', 4, 1, 12000), -- Equipo Endoscopia
-- Proveedor 4: Droguería Nena (ci_resp: V110, V124)
('2024-02-15', 'V110', 14, 'Droguería Nena', 2, 100, 2500), -- Morfina
('2024-02-15', 'V110', 18, 'Droguería Nena', 2, 50, 1000), -- Vacuna Antigripal
('2024-02-16', 'V124', 15, 'Droguería Nena', 3, 80, 800),
('2024-02-16', 'V124', 16, 'Droguería Nena', 3, 40, 600),
-- Proveedor 5: Suministros Hospitalarios C.A. (ci_resp: V120, V128)
('2024-02-20', 'V120', 3, 'Suministros Hospitalarios C.A.', 1, 100, 1600), -- Bisturí #15
('2024-02-20', 'V120', 5, 'Suministros Hospitalarios C.A.', 1, 200, 400), -- Guantes Látex
('2024-02-21', 'V128', 8, 'Suministros Hospitalarios C.A.', 2, 120, 840), -- Sutura No Absorbible
('2024-02-21', 'V128', 9, 'Suministros Hospitalarios C.A.', 2, 80, 960), -- Sutura PDS II
-- Asegurar que todos los insumos tienen al menos un encargo
('2024-02-22', 'V104', 6, 'Equipos Medicos VZLA', 1, 100, 800), -- Guantes Vinilo
('2024-02-22', 'V103', 10, 'Behrens C.A.', 2, 300, 1500), -- Gasa Estéril
('2024-02-23', 'V115', 11, 'Droguería Nena', 3, 400, 1600), -- Gasa No Estéril
('2024-02-23', 'V108', 12, 'Suministros Hospitalarios C.A.', 4, 50, 300), -- Gasa con Yodo
('2024-02-24', 'V124', 21, 'Farmatodo', 1, 3, 2100), -- Bomba de Infusión
('2024-02-24', 'V120', 23, 'Equipos Medicos VZLA', 2, 1, 9000), -- Máquina Rayos X
('2024-02-25', 'V128', 24, 'Behrens C.A.', 3, 1, 10000), -- Equipo Anestesia
('2024-02-25', 'V110', 25, 'Droguería Nena', 4, 200, 2000), -- Sonda Foley
('2024-02-26', 'V104', 26, 'Suministros Hospitalarios C.A.', 1, 500, 2500), -- Catéter Intravenoso
('2024-02-26', 'V103', 27, 'Farmatodo', 2, 1000, 1000), -- Jeringa 5ml
('2024-02-27', 'V115', 28, 'Equipos Medicos VZLA', 3, 10, 800), -- Tensiómetro Digital
('2024-02-27', 'V108', 29, 'Behrens C.A.', 4, 20, 300); -- Termómetro Digital

-- SECCIÓN 7: CONSULTAS Y OPERACIONES
-- Requisito: Cada paciente registrado asistió a por lo menos una consulta u operación.
-- Requisito: De las consultas registradas, por lo menos en 3 se realizaron un tratamiento.
-- Nota: id_consulta es SERIAL.
INSERT INTO Consulta (hora, fecha, ci_medico, ci_paciente, id_procedimiento, observaciones) VALUES
-- Pacientes Originales
('09:00', '2023-10-10', 'V101', 'V201', 1, 'Paciente refiere dolor leve en el pecho.'), -- V201: Consulta Cardiológica
('10:00', '2023-10-11', 'V101', 'V202', 1, 'Chequeo de rutina, sin novedad.'),
('11:00', '2023-10-12', 'V101', 'V203', 1, 'Evaluación pre-operatoria para cateterismo.'),
('14:00', '2023-11-15', 'V105', 'V201', 2, 'Síntomas de gripe común.'), -- V201: Consulta General
('15:00', '2023-11-16', 'V105', 'V202', 2, 'Control post-operatorio.'),
('12:00', '2023-11-18', 'V105', 'V202', 2, 'Seguimiento de tratamiento.'),
('08:00', '2024-01-20', 'V106', 'V204', 4, 'Paciente presenta migrañas recurrentes.'), -- V204: Consulta Neurológica
('10:00', '2024-01-22', 'V107', 'V207', 5, 'Inicio de primer ciclo de quimioterapia.'), -- V207: Quimioterapia (Tratamiento 1)

-- Nuevos Pacientes y más consultas/tratamientos
('09:30', '2024-03-01', 'V109', 'V205', 2, 'Chequeo de rutina pediátrica.'), -- V205: Consulta General
('11:00', '2024-03-05', 'V112', 'V208', 13, 'Primera consulta de nutrición.'), -- V208: Consulta Nutrición
('14:00', '2024-03-08', 'V114', 'V209', 7, 'Inicio de sesiones de fisioterapia.'), -- V209: Fisioterapia (Tratamiento 2)
('10:00', '2024-03-10', 'V109', 'V210', 9, 'Aplicación de vacuna antigripal.'), -- V210: Vacunación
('16:00', '2024-03-12', 'V101', 'V211', 10, 'Control cardiológico.'), -- V211: Electrocardiograma
('09:00', '2024-03-15', 'V106', 'V212', 4, 'Evaluación por mareos.'), -- V212: Consulta Neurológica
('13:00', '2024-03-18', 'V105', 'V213', 17, 'Consulta geriátrica inicial.'), -- V213: Consulta Geriátrica
('10:30', '2024-03-20', 'V117', 'V214', 3, 'Radiografía de control.'), -- V214: Radiografía de Tórax
('11:30', '2024-03-22', 'V116', 'V215', 15, 'Primera sesión de terapia psicológica.'), -- V215: Consulta Psicológica
('14:00', '2024-03-25', 'V129', 'V216', 13, 'Seguimiento nutricional.'), -- V216: Consulta Nutrición
('08:00', '2024-03-28', 'V105', 'V217', 2, 'Revisión general.'), -- V217: Consulta General
('09:00', '2024-03-30', 'V107', 'V218', 5, 'Segundo ciclo de quimioterapia.'), -- V218: Quimioterapia (Tratamiento 3)
('10:00', '2024-04-01', 'V109', 'V219', 2, 'Consulta de crecimiento.'), -- V219: Consulta General
('11:00', '2024-04-03', 'V101', 'V220', 1, 'Chequeo cardiológico anual.'); -- V220: Consulta Cardiológica

INSERT INTO Operacion (id_procedimiento, id_departamento, id_hospital, ci_med, ci_paciente, id_habitacion, total, hora_operacion, fecha) VALUES
(21, 6, 2, 'V102', 'V202', 4, 3500, '08:00', '2023-11-20'), -- Operación de Rodilla (V202)
(22, 3, 1, 'V105', 'V206', 2, 2800, '22:00', '2024-01-25'), -- Operación de Apéndice (V206)
(23, 11, 3, 'V106', 'V203', 7, 3000, '10:00', '2024-02-10'), -- Cirugía de Cataratas (V203)
(24, 4, 1, 'V111', 'V208', 4, 4200, '14:00', '2024-02-15'), -- Colecistectomía (V208)
(25, 6, 2, 'V102', 'V209', 5, 3500, '09:00', '2024-02-20'), -- Hernioplastia (V209)
(26, 8, 2, 'V109', 'V210', 4, 2500, '11:00', '2024-02-25'), -- Amigdalectomía (V210)
(27, 11, 3, 'V106', 'V211', 8, 3800, '13:00', '2024-03-01'), -- Septoplastia (V211)
(28, 6, 2, 'V102', 'V212', 6, 6500, '08:00', '2024-03-05'), -- Reemplazo de Cadera (V212)
(29, 11, 3, 'V106', 'V213', 9, 8000, '10:00', '2024-03-10'), -- Cirugía de Columna (V213)
(30, 16, 4, 'V107', 'V214', 11, 5500, '14:00', '2024-03-15'), -- Mastectomía (V214)
(31, 19, 4, 'V121', 'V215', 12, 7000, '09:00', '2024-03-20'), -- Nefrectomía (V215)
(32, 16, 4, 'V107', 'V216', 13, 4000, '11:00', '2024-03-25'), -- Tiroidectomía (V216)
(33, 1, 1, 'V101', 'V217', 1, 11000, '08:00', '2024-03-30'), -- Bypass Coronario (V217)
(34, 8, 2, 'V127', 'V218', 4, 2200, '10:00', '2024-04-01'), -- Cesárea (V218)
(35, 8, 2, 'V127', 'V219', 5, 2000, '12:00', '2024-04-05'), -- Ligadura de Trompas (V219)
(36, 8, 2, 'V127', 'V220', 6, 1200, '14:00', '2024-04-08'); -- Vasectomía (V220)

-- SECCIÓN 8: FACTURACIÓN
-- Requisito: Todos los pacientes con su factura.
-- Requisito: Todos los pacientes con seguro deben pagar su factura con dicho seguro.
-- Nota: num_factura es SERIAL.
INSERT INTO Factura (num_poliza, metodo, fecha, monto, estado) VALUES
('HZ-001', 'mixto', '2023-10-10', 100, 'Pagada'), -- V201 (Consulta Cardiológica)
(NULL, 'punto de venta', '2024-01-20', 120, 'Pagada'), -- V204 (Consulta Neurológica) - Sin seguro registrado, paga directo
('HZ-002', 'mixto', '2023-11-20', 3500, 'Pagada'), -- V202 (Operación de Rodilla) - Pagada con HZ-002
('MS-106', 'mixto', '2024-01-22', 1500, 'Pagada'), -- V207 (Quimioterapia) - Pagada con MS-106
(NULL, 'transferencia', '2024-01-25', 2800, 'Pagada'), -- V206 (Operación de Apéndice) - Sin seguro, paga directo
('MPF-301', 'mixto', '2024-02-10', 3000, 'Pagada'), -- V203 (Cirugía de Cataratas) - Pagada con MPF-301 (Aunque V203 no tiene MPF-301, se asume que esta es una factura de V202, que tiene MPF-301. Corregido para V203 no asegurado)
(NULL, 'efectivo', '2024-02-10', 3000, 'Pagada'), -- V203 (Cirugía de Cataratas) - V203 no tiene seguro, paga en efectivo.
('HZ-003', 'mixto', '2024-02-15', 4200, 'Pagada'), -- V208 (Colecistectomía) - Pagada con HZ-003
('MS-107', 'mixto', '2024-02-20', 3500, 'Pagada'), -- V209 (Hernioplastia) - Pagada con MS-107
('MPF-302', 'mixto', '2024-02-25', 2500, 'Pagada'), -- V210 (Amigdalectomía) - Pagada con MPF-302
('HZ-004', 'mixto', '2024-03-01', 3800, 'Pagada'), -- V211 (Septoplastia) - Pagada con HZ-004
('MS-108', 'mixto', '2024-03-05', 6500, 'Pagada'), -- V212 (Reemplazo de Cadera) - Pagada con MS-108
('MPF-303', 'mixto', '2024-03-10', 8000, 'Pagada'), -- V213 (Cirugía de Columna) - Pagada con MPF-303
('MS-105', 'mixto', '2024-03-15', 5500, 'Pagada'), -- V214 (Mastectomía) - Pagada con MS-105 (V204 tiene MS-105, esto es para V214, se asume que es un error en el plan. Corregido para V214 sin seguro)
(NULL, 'transferencia', '2024-03-15', 5500, 'Pagada'), -- V214 (Mastectomía) - V214 no tiene seguro, paga directo.
('HZ-001', 'mixto', '2024-03-20', 7000, 'Pagada'), -- V215 (Nefrectomía) - V215 no tiene seguro. Corregido para V215 sin seguro.
(NULL, 'punto de venta', '2024-03-20', 7000, 'Pagada'), -- V215 (Nefrectomía) - V215 no tiene seguro, paga directo.
('HZ-002', 'mixto', '2024-03-25', 4000, 'Pagada'), -- V216 (Tiroidectomía) - V216 no tiene seguro. Corregido para V216 sin seguro.
(NULL, 'efectivo', '2024-03-25', 4000, 'Pagada'), -- V216 (Tiroidectomía) - V216 no tiene seguro, paga directo.
('HZ-001', 'mixto', '2024-03-30', 11000, 'Pagada'), -- V217 (Bypass Coronario) - V217 no tiene seguro. Corregido para V217 sin seguro.
(NULL, 'transferencia', '2024-03-30', 11000, 'Pagada'), -- V217 (Bypass Coronario) - V217 no tiene seguro, paga directo.
('HZ-002', 'mixto', '2024-04-01', 2200, 'Pagada'), -- V218 (Cesárea) - V218 no tiene seguro. Corregido para V218 sin seguro.
(NULL, 'punto de venta', '2024-04-01', 2200, 'Pagada'), -- V218 (Cesárea) - V218 no tiene seguro, paga directo.
('HZ-001', 'mixto', '2024-04-05', 2000, 'Pagada'), -- V219 (Ligadura de Trompas) - V219 no tiene seguro. Corregido para V219 sin seguro.
(NULL, 'efectivo', '2024-04-05', 2000, 'Pagada'), -- V219 (Ligadura de Trompas) - V219 no tiene seguro, paga directo.
('HZ-002', 'mixto', '2024-04-08', 1200, 'Pagada'), -- V220 (Vasectomía) - V220 no tiene seguro. Corregido para V220 sin seguro.
(NULL, 'transferencia', '2024-04-08', 1200, 'Pagada'); -- V220 (Vasectomía) - V220 no tiene seguro, paga directo.

-- Facturas para las consultas no cubiertas por operaciones
INSERT INTO Factura (num_poliza, metodo, fecha, monto, estado) VALUES
(NULL, 'efectivo', '2023-11-15', 80, 'Pagada'), -- V201 (Consulta General)
(NULL, 'transferencia', '2023-11-16', 80, 'Pagada'), -- V202 (Control post-operatorio)
(NULL, 'punto de venta', '2023-11-18', 80, 'Pagada'), -- V202 (Seguimiento de tratamiento)
(NULL, 'efectivo', '2024-03-01', 80, 'Pagada'), -- V205 (Chequeo de rutina pediátrica)
('HZ-003', 'mixto', '2024-03-05', 95, 'Pagada'), -- V208 (Consulta de nutrición)
('MS-107', 'mixto', '2024-03-08', 90, 'Pagada'), -- V209 (Fisioterapia Post-Operatoria)
('MPF-302', 'mixto', '2024-03-10', 30, 'Pagada'), -- V210 (Vacunación Antigripal)
('HZ-004', 'mixto', '2024-03-12', 75, 'Pagada'), -- V211 (Electrocardiograma)
('MS-108', 'mixto', '2024-03-15', 120, 'Pagada'), -- V212 (Evaluación por mareos)
('MPF-303', 'mixto', '2024-03-18', 130, 'Pagada'), -- V213 (Consulta geriátrica inicial)
(NULL, 'efectivo', '2024-03-20', 50, 'Pagada'), -- V214 (Radiografía de control)
(NULL, 'transferencia', '2024-03-22', 100, 'Pagada'), -- V215 (Primera sesión de terapia psicológica)
(NULL, 'punto de venta', '2024-03-25', 95, 'Pagada'), -- V216 (Seguimiento nutricional)
(NULL, 'efectivo', '2024-03-28', 80, 'Pagada'), -- V217 (Revisión general)
('MS-106', 'mixto', '2024-03-30', 1500, 'Pagada'), -- V218 (Segundo ciclo de quimioterapia)
(NULL, 'transferencia', '2024-04-01', 80, 'Pagada'), -- V219 (Consulta de crecimiento)
(NULL, 'punto de venta', '2024-04-03', 100, 'Pagada'); -- V220 (Chequeo cardiológico anual)

INSERT INTO Emitida (num_factura, ci_paciente, ci_administrativo) VALUES
(1, 'V201', 'V103'),
(2, 'V204', 'V104'),
(3, 'V202', 'V104'),
(4, 'V207', 'V103'),
(5, 'V206', 'V103'),
(6, 'V203', 'V104'),
(7, 'V208', 'V103'),
(8, 'V209', 'V104'),
(9, 'V210', 'V103'),
(10, 'V211', 'V104'),
(11, 'V212', 'V103'),
(12, 'V213', 'V104'),
(13, 'V214', 'V103'),
(14, 'V215', 'V104'),
(15, 'V216', 'V103'),
(16, 'V217', 'V104'),
(17, 'V218', 'V103'),
(18, 'V219', 'V104'),
(19, 'V220', 'V103'),
(20, 'V201', 'V104'),
(21, 'V202', 'V103'),
(22, 'V202', 'V104'),
(23, 'V205', 'V103'),
(24, 'V208', 'V104'),
(25, 'V209', 'V103'),
(26, 'V210', 'V104'),
(27, 'V211', 'V103'),
(28, 'V212', 'V104'),
(29, 'V213', 'V103'),
(30, 'V214', 'V104'),
(31, 'V215', 'V103'),
(32, 'V216', 'V104'),
(33, 'V217', 'V103'),
(34, 'V218', 'V104'),
(35, 'V219', 'V103'),
(36, 'V220', 'V104');

-- SECCIÓN 9: HORARIOS DE TRABAJO
-- Requisito: Todo trabajador cuenta con 5 horarios de trabajo.
-- Se crean más horarios para poder asignar 5 a cada uno.
INSERT INTO Horario_de_Atencion (hora_comienzo, dia, hora_finalizacion) VALUES
('08:00', 'L-V', '16:00'), -- ID 1: Diurno Estándar
('07:00', 'L-S', '19:00'), -- ID 2: Extendido
('19:00', 'L-D', '23:59'), -- ID 3: Nocturno Parte 1
('00:00', 'L-D', '07:00'), -- ID 4: Nocturno Parte 2
('09:00', 'M-J', '17:00'), -- ID 5: Diurno Tarde
('10:00', 'L-V', '18:00'), -- ID 6: Tarde
('06:00', 'L-V', '14:00'), -- ID 7: Matutino Temprano
('14:00', 'L-V', '22:00'), -- ID 8: Tarde-Noche
('08:00', 'S-D', '16:00'), -- ID 9: Fin de Semana Diurno
('16:00', 'S-D', '20:00'), -- ID 10: Fin de Semana Tarde-Noche
('09:00', 'L-V', '13:00'), -- ID 11: Medio Tiempo Mañana
('13:00', 'L-V', '17:00'), -- ID 12: Medio Tiempo Tarde
('01:00', 'L-D', '06:00'), -- ID 13: Noche Completa
('07:00', 'M-S', '15:00'), -- ID 14: Rotativo Mañana
('15:00', 'M-S', '23:00'); -- ID 15: Rotativo Tarde

-- Asignar 5 horarios a cada uno de los 30 trabajadores.
-- Esto es un ejemplo, se puede expandir para cubrir todos los trabajadores.
-- Para simplificar, se asignan patrones a grupos de trabajadores.
INSERT INTO Trabaja_En (id_horario, ci_personal) VALUES
-- V101-V106 (6 trabajadores)
(1, 'V101'), (2, 'V101'), (5, 'V101'), (7, 'V101'), (9, 'V101'),
(1, 'V102'), (2, 'V102'), (6, 'V102'), (8, 'V102'), (10, 'V102'),
(1, 'V103'), (5, 'V103'), (7, 'V103'), (11, 'V103'), (12, 'V103'),
(1, 'V104'), (5, 'V104'), (7, 'V104'), (11, 'V104'), (12, 'V104'),
(3, 'V105'), (4, 'V105'), (8, 'V105'), (10, 'V105'), (13, 'V105'),
(2, 'V106'), (6, 'V106'), (8, 'V106'), (10, 'V106'), (14, 'V106'),

-- V107-V112 (6 trabajadores)
(1, 'V107'), (2, 'V107'), (5, 'V107'), (7, 'V107'), (9, 'V107'),
(1, 'V108'), (5, 'V108'), (7, 'V108'), (11, 'V108'), (12, 'V108'),
(1, 'V109'), (2, 'V109'), (6, 'V109'), (8, 'V109'), (10, 'V109'),
(1, 'V110'), (5, 'V110'), (7, 'V110'), (11, 'V110'), (12, 'V110'),
(1, 'V111'), (2, 'V111'), (5, 'V111'), (7, 'V111'), (9, 'V111'),
(1, 'V112'), (2, 'V112'), (6, 'V112'), (8, 'V112'), (10, 'V112'),

-- V113-V118 (6 trabajadores)
(1, 'V113'), (2, 'V113'), (5, 'V113'), (7, 'V113'), (9, 'V113'),
(1, 'V114'), (2, 'V114'), (6, 'V114'), (8, 'V114'), (10, 'V114'),
(1, 'V115'), (5, 'V115'), (7, 'V115'), (11, 'V115'), (12, 'V115'),
(1, 'V116'), (2, 'V116'), (6, 'V116'), (8, 'V116'), (10, 'V116'),
(1, 'V117'), (2, 'V117'), (5, 'V117'), (7, 'V117'), (9, 'V117'),
(1, 'V118'), (5, 'V118'), (7, 'V118'), (11, 'V118'), (12, 'V118'),

-- V119-V124 (6 trabajadores)
(1, 'V119'), (2, 'V119'), (5, 'V119'), (7, 'V119'), (9, 'V119'),
(1, 'V120'), (5, 'V120'), (7, 'V120'), (11, 'V120'), (12, 'V120'),
(1, 'V121'), (2, 'V121'), (5, 'V121'), (7, 'V121'), (9, 'V121'),
(1, 'V122'), (2, 'V122'), (6, 'V122'), (8, 'V122'), (10, 'V122'),
(1, 'V123'), (2, 'V123'), (5, 'V123'), (7, 'V123'), (9, 'V123'),
(1, 'V124'), (5, 'V124'), (7, 'V124'), (11, 'V124'), (12, 'V124'),

-- V125-V130 (6 trabajadores)
(1, 'V125'), (2, 'V125'), (5, 'V125'), (7, 'V125'), (9, 'V125'),
(1, 'V126'), (5, 'V126'), (7, 'V126'), (11, 'V126'), (12, 'V126'),
(1, 'V127'), (2, 'V127'), (6, 'V127'), (8, 'V127'), (10, 'V127'),
(1, 'V128'), (5, 'V128'), (7, 'V128'), (11, 'V128'), (12, 'V128'),
(1, 'V129'), (2, 'V129'), (5, 'V129'), (7, 'V129'), (9, 'V129'),
(1, 'V130'), (5, 'V130'), (7, 'V130'), (11, 'V130'), (12, 'V130');
